41780091	Multimodal imaging of retinitis pigmentosa associated with optic disc astrocytic hamartoma in one eye and optic disc drusen in the fellow eye: Case report and review of the literature.	J Fr Ophtalmol	2026 Mar 3
41779964	Association of Changes in Activity Patterns With Brain Atrophy and Disability Progression in People With Multiple Sclerosis.	Neurology	2026 Apr 14
41779813	Functional connectivity-based classification and subtyping of major depression for precision mental health: An ensemble graph neural network approach.	PLOS Digit Health	2026 Mar
41779151	Focused Abbreviated Survey Technique (FAST) brain magnetic resonance imaging in children: results from a European Society of Pediatric Radiology survey.	Pediatr Radiol	2026 Mar 4
41779150	Magnetic resonance imaging-based detection of retinal hemorrhages in a multicenter cohort of abusive head trauma.	Pediatr Radiol	2026 Mar 4
41779099	Neural dynamics in tinnitus: differential effects of hearing status on temporal brain activity variability.	Brain Imaging Behav	2026 Mar 4
41779072	Imaging assessment of immunotherapy in pediatric brain tumors.	J Neurooncol	2026 Mar 4
41779067	Women's reproductive factors predict local brain aging profiles mapped using deep neural networks.	Geroscience	2026 Mar 4
41779062	Intrinsic Brain Activity Alterations in Disorders of Consciousness: A Parallel Resting-State fMRI Analysis at 7 Tesla.	Brain Topogr	2026 Mar 4
41779032	MRI In Vivo Detection of Amyloid-β Protein Deposition in Different Brain Regions of Patients with AD and MCI.	Brain Topogr	2026 Mar 4
41778731	Dynamic structural connectivity changes in cortical and cortico-striatal strokes in mice.	Neural Regen Res	2026 Feb 28
41778432	Impact of Stroke History on Cognitive Function, White Matter Hyperintensities, and Circulating BDNF Levels.	Arch Iran Med	2025 Nov 1
41778320	Perivascular Spaces Are Associated With CSF Aβ in Cerebral Amyloid Angiopathy But Not in Deep Perforator Arteriopathy.	Stroke	2026 Mar 4
41778291	Genotype-Phenotype Correlation of Hereditary Plasminogen Deficiency: Molecular Mechanisms From 18 Patients With Cerebral Infarction.	Haemophilia	2026 Mar 4
41778273	Listeria rhombencephalitis in an alcoholic man; A case report and review of literature.	eNeurologicalSci	2026 Jun
41778237	Nivolumab-induced Limbic Encephalitis in Gastric Cancer: A Case Report and Literature Review.	Cancer Diagn Progn	2026 Mar-Apr
41778041	Retrospective analysis of the clinical features of 12 cases of MOG antibody-associated aseptic meningitis.	Front Med (Lausanne)	2026
41777995	Optimal Timing of Initial Surveillance MRI Following Treatment of Brain Metastases With Stereotactic Radiation: A Comparison of Six Weeks Versus Three Months.	Cureus	2026 Jan
41777701	T2-FLAIR hyperintensities in the inferior cerebellar peduncles and their association with clinical symptoms, molecular and MRI markers in male FMR1 premutation carriers.	Front Mol Neurosci	2026
41777607	Neurosurgical and neuro-oncological outcomes of confirmatory brain biopsies in patients with glioblastoma: a real-life monocentric experience.	Brain Spine	2026
41777595	Advancements in Imaging Technologies and AI Integration for Neurodegenerative Disease Management: A Narrative Review.	Mol Imaging	2025 Jan-Dec
41777594	Detection and characterization of physiological network interactions in pulsatile motion of cranial blood vessels using real-time MRI.	Front Netw Physiol	2026
41777524	Effects of rTMS over the contralateral M1 combined with NMES on pain and functional mobility in primary frozen shoulder: study protocol for a 4-week double-blind, randomized, sham-controlled trial.	Front Neurol	2025
41777513	The Relationship of Modulation Generated in Brain Intrinsic Connectivity Networks by Simple Sensory Stimuli and Cognitive Performance.	Noro Psikiyatr Ars	2026
41777510	Challenging The Diagnosis of Multiple Sclerosis: Histopathological Insights Gained Through Brain Biopsies.	Noro Psikiyatr Ars	2026
41777509	Olfactory Hallucinations Leading to Weight Loss in a Patient with Migraine.	Noro Psikiyatr Ars	2026
41777504	Noninvasive Assessment Follow-Up of Progress in MS Patients.	Noro Psikiyatr Ars	2026
41777503	The Role of Large Artery Atherosclerosis and Predictive Risk Factors in Symptomatic and Asymptomatic Ischemic Stroke.	Noro Psikiyatr Ars	2026
41777499	Characteristics of Brain Metastases Identified by PET-CT Imaging in Patients with Lung Cancer.	Noro Psikiyatr Ars	2026
41777498	Prediction of Hemorrhagic Transformation and Functional Outcomes Using Arterial Spin Labeling MRI in Acute Middle Cerebral Artery Infarction.	Noro Psikiyatr Ars	2026
41777495	Frequency and Etiologies of Peripheral Type Cranial Neuropathy in the Neurology Inpatient Clinic.	Noro Psikiyatr Ars	2026
41777448	GPU Accelerated Modeling of Cortical Radial and Tangential Connectivity Changes in Neurodegeneration.	Med Image Comput Comput Assist Interv	2026
41777381	Brain microstructural alterations and cognitive impairment in obstructive sleep apnea: a diffusion kurtosis imaging study.	Front Neurol	2026
41777138	A glutamatergic Sp5C-STN circuit mediates chronic migraine in mice.	Sheng Li Xue Bao	2026 Feb 25
41777113	Adolescent empathy predicts reduced neural responses to social rejection in adulthood.	Dev Psychopathol	2026 Mar 4
41776969	PET and fMRI insights into experimentally-induced premonitory symptoms in migraine: A systematic review.	Cephalalgia	2026 Mar
41776846	Whiteout sign on dSIR MRI: A case series highlighting symptom-associated white matter changes not observed on standard T(2)-FLAIR.	Brain Inj	2026 Mar 3
41776821	Identification of a Homozygous PGM2L1 Variant in a Male Patient With Developmental Delay and Seizures.	Mol Genet Genomic Med	2026 Mar
41776761	Canine vertebral venous thrombosis: confirmatory MRA before retreatment following symptom recurrence.	J S Afr Vet Assoc	2025 Nov
41776705	Shared and disorder-specific resting-state neural activity characteristics in patients with anorexia nervosa and bulimia nervosa.	J Eat Disord	2026 Mar 3
41776671	Predictive value of acute MRI-detected brain lesions for clinical outcome in patients with acute carbon monoxide poisoning.	Eur J Med Res	2026 Mar 3
41776642	Advancing clinical insight into creatine transporter deficiency: long term outcome and new observations from the Italian cohort.	Orphanet J Rare Dis	2026 Mar 3
41776409	Abnormal imaging features of episodic cluster headache and episodic migraine: a multimodal 7T MRI study.	J Headache Pain	2026 Mar 3
41776382	Performance of the 2024 McDonald diagnostic criteria for multiple sclerosis.	Mult Scler	2026 Mar 3
41776355	Motion-compensated diffusion encoding gradients for segmented thick-slab 3D magnetic resonance diffusion-weighted imaging of the brain.	Med Phys	2026 Mar
41776305	Downfield magnetic resonance signals serve as endogenous imaging biomarkers of nucleotide metabolism in glioma.	Commun Biol	2026 Mar 3
41776260	Brain connectivity and its relation to cognitive function in patients with post-COVID 19 condition after mild infection.	Sci Rep	2026 Mar 3
41776187	Impact of PSA- versus STN-DBS on effective connectivity in Parkinson's disease - a 3.0T resting-state fMRI study.	NPJ Parkinsons Dis	2026 Mar 3
41776178	Contrast-free identification of glioma blood-brain barrier status via generative diffusion AI and non-contrast MRI.	Nat Commun	2026 Mar 3
41776167	ATP bioenergetics and fatigue in young adults with and without major depression.	Transl Psychiatry	2026 Mar 4
41776163	Spatial gene expression and functional network abnormalities in multiple sclerosis: exploring biological influence on brain functional reorganization.	Transl Psychiatry	2026 Mar 3
41776019	Andexanet alfa Reduces Hematoma Expansion Following Controlled Cortical Impact in Mice Pretreated with Rivaroxaban.	Neurocrit Care	2026 Mar 3
41775974	Control vs. salience: a new axis of circadian brain-body organization.	NPJ Biol Timing Sleep	2026 Feb 16
41775953	Deep learning-based basilar artery wall and lumen segmentation from 1-mm MR vessel wall imaging.	Sci Rep	2026 Mar 3
41775766	Evaluation of cerebral blood flow and glymphatic function in acute mountain sickness by MRI ASL and DTI ALPS.	Sci Rep	2026 Mar 3
41775699	Stage-Dependent mediation of white matter hyperintensities between plasma biomarkers and cognitive function in Alzheimer's disease.	Transl Psychiatry	2026 Mar 3
41775628	Activity-dependent regulation of basal forebrain cholinergic neurons by striatal spiny projection neurons.	J Neurosci	2026 Mar 3
41775480	Cross-sectional observational study evaluating social brain health in HIV using a research domain criteria-based approach: a protocol.	BMJ Open	2026 Mar 3
41775373	White Matter Hyperintensities and Neuropsychiatric Symptoms in Neurodegenerative Diseases.	J Clin Neurol	2026 Mar
41775207	Altered spontaneous activity and functional connectivity of the cingulate gyrus is correlated with anxiety in patients with benign paroxysmal positional vertigo.	Psychiatry Res Neuroimaging	2026 Feb 22
41775206	Analysis of the application value of multi-slice spiral CT and multimodal MRI in screening patients with bipolar disorder.	Psychiatry Res Neuroimaging	2026 Feb 18
41775110	Management of spontaneous intracranial hypotension during second trimester of pregnancy and neuraxial labour analgesia for operative vaginal delivery: a case report.	Int J Obstet Anesth	2026 Feb 24
41775070	Transformer-encoded nnU-Net with local region perceptron and contrastive learning (TLC-nnUNet) for multiple brain metastasis detection and delineation.	Phys Med Biol	2026 Mar 3
41775054	Quantification of muscle morphology and stiffness in spastic hemiplegic cerebral palsy versus typically developing controls using magnetic resonance elastography.	Clin Biomech (Bristol)	2026 Feb 24
41774902	[Cognitive and psychiatric evolution in autoimmune encephalitis in a school-aged child: Clinical case].	Rev Med Inst Mex Seguro Soc	2026 Mar 3
41774884	[Pediatric parasagittal meningioma, case report].	Rev Med Inst Mex Seguro Soc	2026 Mar 3
41774867	Brain-Adhesive Bioelectronics With Shape-Morphable and Biodegradable Properties for Stable Brain Signal Monitoring.	Adv Sci (Weinh)	2026 Mar 3
41774789	A data-driven framework linking the connectome to spatial gene expression gradients inspired by chemoaffinity theory.	Proc Natl Acad Sci U S A	2026 Mar 10
41774666	MLC-GCN: Multi-Level Generated Connectome Based GCN for AD Detection.	IEEE Trans Biomed Eng	2026 Mar 3
41774607	Old Lesions and New Targets: sEEG-Identified Onsets in Traditionally Inoperable Epilepsy Lesions and Associated Surgical Outcomes.	Pediatr Neurosurg	2026 Mar 3
41774488	Diffusion Tensor Imaging for Brain Injury Assessment: Methodological Foundations and Clinical Insights.	Crit Rev Biomed Eng	2026
41774335	Low-flow vascular malformations without arteriovenous shunting of the central nervous system: a pictorial review.	Insights Imaging	2026 Mar 3
41774050	Incidence of silent cerebral lesions during pulsed field ablation for paroxysmal atrial fibrillation.	Ann Med	2026 Dec
41773905	Correlation between the neutrophil-to-lymphocyte ratio and enlarged perivascular spaces in type 2 diabetes mellitus.	J Diabetes Investig	2026 Mar 3
41773572	Post-traumatic Hypertrophic Olivary Degeneration with Palatal Myoclonus-A Case Report.	J Child Neurol	2026 Mar 3
41773243	Genetically Simulated GLP-1 Receptor Agonism and Cerebral Small Vessel Disease.	Neurol Genet	2026 Apr
41773113	Metronidazole-Induced Neurotoxicity: A Case Report.	Cureus	2026 Jan
41773083	Clinical Problem Solving: A 68-Year-Old Woman With Acute Apraxic Agraphia, Constructional Apraxia, and Finger Agnosia.	Neurohospitalist	2026 Feb 27
41773060	Predictors of Hearing Recovery in Sudden Sensorineural Hearing Loss: Focus on Lipids, Glucocorticoids, and Predictive Model Performance.	Ear Nose Throat J	2026 Mar 3
41772873	Synergistic action of human milk oligosaccharides and lactoferrin enhances neurodevelopment in piglets: evidence from MRS based metabolic profiling.	Nutr Neurosci	2026 Mar 2
41772840	Prenatal experience of greater neighborhood disadvantage is associated with altered fetal volumetric brain growth in utero.	Cereb Cortex	2026 Mar 3
41772811	Neurological Complications in Sickle Cell Disease: Clinical, Analytical and Radiological Correlations in a Multicentre Cohort.	Hemoglobin	2026 Mar 2
41772744	Motion-Compensated Diffusion Imaging With Phase-Contrast for Robust Quantification of Regional Cerebral Blood Flow.	Magn Reson Med	2026 Mar 2
41772702	The clinical efficacy of virtual reality technology based on the mirror neuron theory in upper limb rehabilitation of stroke patients: a protocol for a randomized clinical trial.	Trials	2026 Mar 3
41772699	Multi-reader evaluation of deep learning-based auto-segmentation of eloquent brain arteriovenous malformation on MRA and white matter tractography in stereotactic radiosurgery.	Radiat Oncol	2026 Mar 2
41772504	Can the addition of "Black Bone" sequence improve diagnosis of skull fractures after traumatic brain injury in children?	BMC Med Imaging	2026 Mar 2
41772466	Isolated Intracranial Rosai-Dorfman Disease Mimicking Sellar Pituitary Adenoma: a case report and literature review.	BMC Neurol	2026 Mar 2
41772375	Altered locus coeruleus links to atrophy and hypometabolism in individuals with high Alzheimer's disease biomarkers.	Alzheimers Dement	2026 Mar
41772138	Combined hemodynamic and cerebrospinal fluid alterations contribute to the occurrence of sigmoid sinus diverticulum-pulsatile tinnitus.	Neuroradiology	2026 Mar 3
41772025	The role of dorsal anterior cingulate cortex in dynamic attitude changes in naturalistic settings.	Commun Biol	2026 Mar 2
41772023	3DViT-GAT: a unified atlas-based 3D vision transformer and graph learning framework for major depressive disorder detection using structural MRI data.	Sci Rep	2026 Mar 2
41772002	Structural and functional atypicality in the temporal cortex are associated with auditory perception in maltreated children.	Sci Rep	2026 Mar 2
41771931	Sustained Attention Task (gradCPT) Dataset using simultaneous EEG-fMRI and DTI.	Sci Data	2026 Mar 3
41771832	Mapping heterogeneous brain structural subtypes in alzheimer's disease and mild cognitive impairment using normative models.	Transl Psychiatry	2026 Mar 2
41771736	Expectation modulates the hedonic experiences of and midbrain responses to sweet flavour.	J Neurosci	2026 Mar 2
41771734	Decoding MRI Presentation of Primary Central Nervous System Diffuse Large B Cell Lymphoma: A Novel Subgroup Perspective.	AJNR Am J Neuroradiol	2026 Mar 2
41771487	Exploring manganese-loaded nanoparticle formulations as contrast agents: A comprehensive in vitro and in vivo study.	J Pharm Sci	2026 Feb 28
41771442	Advances in the study of the glymphatic system and diabetes-related cognitive dysfunction.	Diabetes Res Clin Pract	2026 Feb 28
41771236	Static and dynamic functional connectivity alterations in mice with LPS-induced depression: A 9.4T fMRI study using independent component and graph theory analyses.	J Psychiatr Res	2026 Feb 24
41771040	Sjögren Syndrome Associated Limbic Encephalitis and Its Longitudinal Brain FDG PET Manifestations.	Clin Nucl Med	2026 Apr 1
